Time,U1,U2,U3,U4,U5
1/1/2014 0:00,0,2.9,2.9,16.89,16.89
1/10/2014 0:00,0,3.42,3.42,13.84,13.84
1/11/2014 0:00,0,3.81,3.81,13.5,13.5
1/12/2014 0:00,0,4.58,4.58,14.6,14.6
1/13/2014 0:00,0,3.56,3.56,14.46,14.46
1/14/2014 0:00,0,4.25,4.25,12.34,12.34
1/15/2014 0:00,0,3.86,3.86,15.37,15.37
1/16/2014 0:00,0,3.53,3.53,17.01,17.01
1/17/2014 0:00,0,3.41,3.41,13.46,13.46
1/18/2014 0:00,0,0.85,0.85,19.56,19.56
1/19/2014 0:00,0,0.88,0.88,12.51,12.51
1/2/2014 0:00,0,5.64,5.64,15.15,15.15
1/20/2014 0:00,0,3.81,3.81,14.85,14.85
1/21/2014 0:00,0,6.51,6.51,11.73,11.73
1/22/2014 0:00,0,9.19,9.19,15.9,15.9
1/23/2014 0:00,0,7.79,7.79,13.33,13.33
1/24/2014 0:00,0,7.02,7.02,14.84,14.84
1/25/2014 0:00,0,7.25,7.25,15.82,15.82
1/26/2014 0:00,0,6.37,6.37,16.54,16.54
1/27/2014 0:00,0,6.43,6.43,6.69,6.69
1/28/2014 0:00,0,7.89,7.89,5.25,5.25
1/29/2014 0:00,0,7.46,7.46,15.91,15.91
1/3/2014 0:00,0,6.99,6.99,19.28,19.28
1/30/2014 0:00,0,7.95,7.95,24.94,24.94
1/31/2014 0:00,0,7.59,7.59,15.81,15.81
1/4/2014 0:00,0,3.32,3.32,17.19,17.19
1/5/2014 0:00,0,3.61,3.61,16.8,16.8
1/6/2014 0:00,0,5.35,5.35,17.48,17.48
1/7/2014 0:00,0,4.73,4.73,17.86,17.86
1/8/2014 0:00,0,3.68,3.68,23.99,23.99
1/9/2014 0:00,0,3.53,3.53,12.34,12.34
10/1/2014 0:00,26.26,14.165,2.07,15.95,15.95
10/10/2014 0:00,22.87,11.89,0.91,12.85,12.85
10/11/2014 0:00,22.43,11.76,1.09,11.05,11.05
10/12/2014 0:00,25.28,13.46,1.64,15.12,15.12
10/13/2014 0:00,21.17,11.28,1.39,12.26,12.26
10/14/2014 0:00,20.44,10.73,1.02,10.82,10.82
10/15/2014 0:00,20.68,10.66,0.64,15.32,15.32
10/16/2014 0:00,21.14,11.01,0.88,14.46,14.46
10/17/2014 0:00,20.16,10.57,0.98,15.15,15.15
10/18/2014 0:00,19.97,10.375,0.78,15.5,15.5
10/19/2014 0:00,21.89,11.485,1.08,12.97,12.97
10/2/2014 0:00,25.08,13.33,1.58,15.42,15.42
10/20/2014 0:00,21.96,11.48,1,11.03,11.03
10/21/2014 0:00,22.52,11.64,0.76,15.35,15.35
10/22/2014 0:00,20.9,10.785,0.67,13.84,13.84
10/23/2014 0:00,20.28,10.555,0.83,11.76,11.76
10/24/2014 0:00,20.05,10.385,0.72,16.2,16.2
10/25/2014 0:00,20.93,10.88,0.83,14.42,14.42
10/26/2014 0:00,21.93,11.435,0.94,13.19,13.19
10/27/2014 0:00,21.01,10.91,0.81,17.15,17.15
10/28/2014 0:00,22.3,11.595,0.89,13.75,13.75
10/29/2014 0:00,19.25,9.965,0.68,13.66,13.66
10/3/2014 0:00,0,0,0,0,0
10/30/2014 0:00,24.4,12.575,0.75,16.41,16.41
10/31/2014 0:00,36.54190605,23.605,0.79,16.59,16.59
10/4/2014 0:00,22.91,11.815,0.72,14.76,14.76
10/5/2014 0:00,23.48,12.16,0.84,12.06,12.06
10/6/2014 0:00,22.98,11.98,0.98,11.94,11.94
10/7/2014 0:00,23.27,12.43,1.59,12.94,12.94
10/8/2014 0:00,22.68,11.78,0.88,11.53,11.53
10/9/2014 0:00,22.98,11.85,0.72,13.73,13.73
11/1/2014 0:00,36.54190605,19.675,1.09,13.22,13.22
11/10/2014 0:00,18.55,9.72,0.89,12.33,12.33
11/11/2014 0:00,22.48,11.775,1.07,14.33,14.33
11/12/2014 0:00,18.94,9.99,1.04,15.83,15.83
11/13/2014 0:00,22.31,11.805,1.3,14.1,14.1
11/14/2014 0:00,20.65,10.86,1.07,21.54,21.54
11/15/2014 0:00,18.61,9.95,1.29,15.11,15.11
11/16/2014 0:00,22.37,11.705,1.04,15.06,15.06
11/17/2014 0:00,19.96,10.5,1.04,14.66,14.66
11/18/2014 0:00,18.33,9.71,1.09,13.09,13.09
11/19/2014 0:00,17.59,9.3,1.01,15,15
11/2/2014 0:00,21.93,11.54,1.15,15.84,15.84
11/20/2014 0:00,18.14,9.63,1.12,20.16,20.16
11/21/2014 0:00,17.79,9.45,1.11,15.16,15.16
11/22/2014 0:00,11.88,6.445,1.01,14.58,14.58
11/23/2014 0:00,6.07,3.64,1.21,10.72,10.72
11/24/2014 0:00,6.24,3.625,1.01,13.06,13.06
11/25/2014 0:00,5.54,3.26,0.98,14.92,14.92
11/26/2014 0:00,6.45,3.79,1.13,14.07,14.07
11/27/2014 0:00,5.42,3.29,1.16,14.85,14.85
11/28/2014 0:00,6.01,3.45,0.89,12.25,12.25
11/29/2014 0:00,5.79,3.28,0.77,13.06,13.06
11/3/2014 0:00,20.36,10.605,0.85,13.59,13.59
11/30/2014 0:00,6.41,3.705,1,15.28,15.28
11/4/2014 0:00,20.52,10.68,0.84,16.98,16.98
11/5/2014 0:00,20.72,10.755,0.79,12.55,12.55
11/6/2014 0:00,19.61,10.235,0.86,18.45,18.45
11/7/2014 0:00,18.64,9.71,0.78,19.57,19.57
11/8/2014 0:00,20.39,10.565,0.74,18.48,18.48
11/9/2014 0:00,21.65,11.265,0.88,18.41,18.41
12/1/2014 0:00,5.58,3.325,1.07,14.43,14.43
12/10/2014 0:00,6.11,3.815,1.52,15.62,15.62
12/11/2014 0:00,6.69,4.1,1.51,14.57,14.57
12/12/2014 0:00,6.16,3.935,1.71,14.04,14.04
12/13/2014 0:00,6.48,4.145,1.81,21.45,21.45
12/14/2014 0:00,6.94,4.37,1.8,15.54,15.54
12/15/2014 0:00,5.8,3.835,1.87,18.62,18.62
12/16/2014 0:00,6.53,4.26,1.99,18.98,18.98
12/17/2014 0:00,2.44,2.44,2.44,22.08,22.08
12/18/2014 0:00,2.9,2.9,2.9,19.83,19.83
12/19/2014 0:00,3.52,3.52,3.52,19.96,19.96
12/2/2014 0:00,6.78,3.915,1.05,14,14
12/20/2014 0:00,1.94,1.94,1.94,20.23,20.23
12/21/2014 0:00,3.68,3.68,3.68,19.71,19.71
12/22/2014 0:00,2.74,2.74,2.74,23.23,23.23
12/23/2014 0:00,3.27,3.27,3.27,19.7,19.7
12/24/2014 0:00,3.03,3.03,3.03,18.48,18.48
12/25/2014 0:00,2.48,2.48,2.48,22.69,22.69
12/26/2014 0:00,2.58,2.58,2.58,22.1,22.1
12/27/2014 0:00,2.8,2.8,2.8,17.57,17.57
12/28/2014 0:00,2.2,2.2,2.2,24.76,24.76
12/29/2014 0:00,2.89,2.89,2.89,16.2,16.2
12/3/2014 0:00,5.49,3.135,0.78,13.81,13.81
12/30/2014 0:00,2.93,2.93,2.93,24.64,24.64
12/31/2014 0:00,2.53,2.53,2.53,20.72,20.72
12/4/2014 0:00,6.83,3.925,1.02,15.63,15.63
12/5/2014 0:00,6.94,3.985,1.03,12.17,12.17
12/6/2014 0:00,6.24,3.825,1.41,13.94,13.94
12/7/2014 0:00,7.44,4.46,1.48,11.76,11.76
12/8/2014 0:00,5.69,3.56,1.43,15.55,15.55
12/9/2014 0:00,6.57,3.88,1.19,15.31,15.31
2/1/2014 0:00,0,4.84,4.84,15.4,15.4
2/10/2014 0:00,0,7.98,7.98,14.63,14.63
2/11/2014 0:00,0,6.67,6.67,15.42,15.42
2/12/2014 0:00,0,7.77,7.77,13.12,13.12
2/13/2014 0:00,0,7.6,7.6,17,17
2/14/2014 0:00,0,6.24,6.24,9.44,9.44
2/15/2014 0:00,0,8.67,8.67,13.19,13.19
2/16/2014 0:00,0,8.09,8.09,13,13
2/17/2014 0:00,0,6.91,6.91,16.07,16.07
2/18/2014 0:00,0,7.79,7.79,11.19,11.19
2/19/2014 0:00,0,8.04,8.04,12.04,12.04
2/2/2014 0:00,0,6.06,6.06,12.06,12.06
2/20/2014 0:00,0,7.92,7.92,16.96,16.96
2/21/2014 0:00,0,7.79,7.79,11.58,11.58
2/22/2014 0:00,0,6.82,6.82,16.77,16.77
2/23/2014 0:00,0,8.37,8.37,16.19,16.19
2/24/2014 0:00,0,8.24,8.24,15.87,15.87
2/25/2014 0:00,0,8.2,8.2,9.86,9.86
2/26/2014 0:00,0,7.05,7.05,15.01,15.01
2/27/2014 0:00,0,7.29,7.29,11.82,11.82
2/28/2014 0:00,0,7.26,7.26,11.98,11.98
2/3/2014 0:00,0,5.6,5.6,14.02,14.02
2/4/2014 0:00,0,6.72,6.72,12.49,12.49
2/5/2014 0:00,0,7.29,7.29,8.91,8.91
2/6/2014 0:00,0,5.6,5.6,2.44,2.44
2/7/2014 0:00,0,6.28,6.28,2.22,2.22
2/8/2014 0:00,0,6.73,6.73,9.32,9.32
2/9/2014 0:00,0,6.97,6.97,14.29,14.29
3/1/2014 0:00,0,7.28,7.28,6.89,6.89
3/10/2014 0:00,6.41,7.093333333,7.776666667,13.67,13.67
3/11/2014 0:00,6.68,7.103333333,7.526666667,12.24,12.24
3/12/2014 0:00,7.15,7.623333333,8.096666667,11.65,11.65
3/13/2014 0:00,6,6.766666667,7.533333333,10.94,10.94
3/14/2014 0:00,5.02,6.406666667,7.793333333,14,14
3/15/2014 0:00,6.89,7.466666667,8.043333333,14.93,14.93
3/16/2014 0:00,6.91,7.43,7.95,10.3,10.3
3/17/2014 0:00,8.26,7.553333333,6.846666667,13.48,13.48
3/18/2014 0:00,5.55,5.836666667,6.123333333,11.46,11.46
3/19/2014 0:00,5.37,5.52,5.67,12.73,12.73
3/2/2014 0:00,8.3,8.386666667,8.473333333,8.1,8.1
3/20/2014 0:00,4.72,5.48,6.24,12.68,12.68
3/21/2014 0:00,6.56,7.203333333,7.846666667,12.47,12.47
3/22/2014 0:00,4.94,5.553333333,6.166666667,10.04,10.04
3/23/2014 0:00,7.89,7.463333333,7.036666667,12.57,12.57
3/24/2014 0:00,5.08,5.43,5.78,13.77,13.77
3/25/2014 0:00,6.57,6.476666667,6.383333333,9.53,9.53
3/26/2014 0:00,5.2,5.413333333,5.626666667,10.02,10.02
3/27/2014 0:00,4.78,5.37,5.96,10.14,10.14
3/28/2014 0:00,4.46,5.006666667,5.553333333,12.33,12.33
3/29/2014 0:00,4.9,5.31,5.72,14.72,14.72
3/3/2014 0:00,7.57,7.476666667,7.383333333,9.63,9.63
3/30/2014 0:00,6.08,6.013333333,5.946666667,12.52,12.52
3/31/2014 0:00,6.59,6.573333333,6.556666667,13.15,13.15
3/4/2014 0:00,7.01,7,6.99,13.4,13.4
3/5/2014 0:00,7.61,7.7,7.79,17.35,17.35
3/6/2014 0:00,8.1,8.373333333,8.646666667,10.06,10.06
3/7/2014 0:00,4.54,5.76,6.98,11.95,11.95
3/8/2014 0:00,7.78,8.25,8.72,13.31,13.31
3/9/2014 0:00,8.57,8.816666667,9.063333333,11.28,11.28
4/1/2014 0:00,7.06,6.95,6.84,12.41,12.41
4/10/2014 0:00,8.03,7.063333333,6.096666667,11.48,11.48
4/11/2014 0:00,8.7,7.716666667,6.733333333,15.88,15.88
4/12/2014 0:00,7.85,6.926666667,6.003333333,9.58,9.58
4/13/2014 0:00,7.27,6.543333333,5.816666667,16.36,16.36
4/14/2014 0:00,6.26,5.896666667,5.533333333,9.86,9.86
4/15/2014 0:00,8.32,7.393333333,6.466666667,9.91,9.91
4/16/2014 0:00,7.11,6.566666667,6.023333333,7.54,7.54
4/17/2014 0:00,6.52,5.96,5.4,12.26,12.26
4/18/2014 0:00,6.18,5.51,4.84,12.38,12.38
4/19/2014 0:00,0,5.3,5.3,12.43,12.43
4/2/2014 0:00,10.42,9.496666667,8.573333333,12.83,12.83
4/20/2014 0:00,6.32,5.986666667,5.653333333,11.22,11.22
4/21/2014 0:00,6.14,5.71,5.28,8.06,8.06
4/22/2014 0:00,5.5,5.32,5.14,8.85,8.85
4/23/2014 0:00,5.07,5.246666667,5.423333333,12.01,12.01
4/24/2014 0:00,8.91,7.59,6.27,11.09,11.09
4/25/2014 0:00,6.97,6.23,5.49,14.09,14.09
4/26/2014 0:00,8.3,7.06,5.82,11.75,11.75
4/27/2014 0:00,8.01,7.156666667,6.303333333,9.38,9.38
4/28/2014 0:00,6.81,5.973333333,5.136666667,9.63,9.63
4/29/2014 0:00,5.58,5.436666667,5.293333333,10.37,10.37
4/3/2014 0:00,7.57,7.386666667,7.203333333,10.28,10.28
4/30/2014 0:00,6.64,6.203333333,5.766666667,10.32,10.32
4/4/2014 0:00,8.01,7.656666667,7.303333333,11.92,11.92
4/5/2014 0:00,7.16,7.106666667,7.053333333,11.42,11.42
4/6/2014 0:00,8.17,7.676666667,7.183333333,11.24,11.24
4/7/2014 0:00,8.6,8.226666667,7.853333333,11.71,11.71
4/8/2014 0:00,7.85,7.22,6.59,14.71,14.71
4/9/2014 0:00,8.49,7.563333333,6.636666667,10.59,10.59
5/1/2014 0:00,6.59,6.19,5.79,12.32,12.32
5/10/2014 0:00,7.37,6.573333333,5.776666667,10.91,10.91
5/11/2014 0:00,7.62,6.853333333,6.086666667,15.31,15.31
5/12/2014 0:00,6.71,6.063333333,5.416666667,13.63,13.63
5/13/2014 0:00,7.13,6.38,5.63,12.02,12.02
5/14/2014 0:00,7.72,6.67,5.62,10.9,10.9
5/15/2014 0:00,7.7,6.786666667,5.873333333,10.05,10.05
5/16/2014 0:00,7.56,6.623333333,5.686666667,11.86,11.86
5/17/2014 0:00,8.28,7.193333333,6.106666667,13.26,13.26
5/18/2014 0:00,7.88,6.893333333,5.906666667,7.03,7.03
5/19/2014 0:00,0,5.31,5.31,15.23,15.23
5/2/2014 0:00,7.92,6.813333333,5.706666667,12.37,12.37
5/20/2014 0:00,5.8,5.613333333,5.426666667,21.45,21.45
5/21/2014 0:00,5.88,5.82,5.76,14.18,14.18
5/22/2014 0:00,6.67,6.226666667,5.783333333,14.65,14.65
5/23/2014 0:00,6.59,6.326666667,6.063333333,11.35,11.35
5/24/2014 0:00,7.53,6.806666667,6.083333333,18.9,18.9
5/25/2014 0:00,6.59,6.323333333,6.056666667,24.66,24.66
5/26/2014 0:00,7.6,6.776666667,5.953333333,18.68,18.68
5/27/2014 0:00,6.36,6.136666667,5.913333333,17.23,17.23
5/28/2014 0:00,7.83,7.063333333,6.296666667,18.54,18.54
5/29/2014 0:00,6.37,5.963333333,5.556666667,29.63,29.63
5/3/2014 0:00,6.5,6.11,5.72,10.57,10.57
5/30/2014 0:00,7.29,6.44,5.59,27.82,27.82
5/31/2014 0:00,6.92,6.17,5.42,13.45,13.45
5/4/2014 0:00,7.05,6.376666667,5.703333333,12.01,12.01
5/5/2014 0:00,6.78,6.283333333,5.786666667,9.76,9.76
5/6/2014 0:00,7.29,6.733333333,6.176666667,12.18,12.18
5/7/2014 0:00,6.68,6.413333333,6.146666667,12.05,12.05
5/8/2014 0:00,7,6.363333333,5.726666667,11.79,11.79
5/9/2014 0:00,7.59,7.136666667,6.683333333,10.5,10.5
6/1/2014 0:00,9.76,8.183333333,6.606666667,25.61,25.61
6/10/2014 0:00,7.2,6.373333333,5.546666667,25.76,25.76
6/11/2014 0:00,6.37,5.77,5.17,14.07,14.07
6/12/2014 0:00,7.82,6.826666667,5.833333333,33.02,33.02
6/13/2014 0:00,7.47,6.693333333,5.916666667,36.02,36.02
6/14/2014 0:00,7.11,6.45,5.79,40.03,38.00169538
6/15/2014 0:00,7.63,6.976666667,6.323333333,33.15,33.15
6/16/2014 0:00,8,6.97,5.94,34.55,34.55
6/17/2014 0:00,9.36,7.876666667,6.393333333,40.04,38.00169538
6/18/2014 0:00,11.4,9.246666667,7.093333333,33.2,33.2
6/19/2014 0:00,8.56,7.406666667,6.253333333,14.63,14.63
6/2/2014 0:00,8.48,7.493333333,6.506666667,14.69,14.69
6/20/2014 0:00,7.82,6.826666667,5.833333333,37.11,37.11
6/21/2014 0:00,10.43,9.44,8.45,38.99,38.00169538
6/22/2014 0:00,14.2,11.52333333,8.846666667,39.9,38.00169538
6/23/2014 0:00,7.39,6.63,5.87,20.16,20.16
6/24/2014 0:00,6.76,6.29,5.82,38.55,38.00169538
6/25/2014 0:00,8.24,6.816666667,5.393333333,31.1,31.1
6/26/2014 0:00,14.58,11.72333333,8.866666667,40.41709399,38.00169538
6/27/2014 0:00,14.35,11.63666667,8.923333333,40.41709399,38.00169538
6/28/2014 0:00,19.03,15.88666667,12.74333333,40.41709399,38.00169538
6/29/2014 0:00,12.17,10.26333333,8.356666667,38.43,38.00169538
6/3/2014 0:00,7.45,6.623333333,5.796666667,17.71,17.71
6/30/2014 0:00,16.83,13.23666667,9.643333333,30.84,30.84
6/4/2014 0:00,7.18,6.22,5.26,27.59,27.59
6/5/2014 0:00,6.95,6.343333333,5.736666667,24.93,24.93
6/6/2014 0:00,6.34,5.856666667,5.373333333,21.82,21.82
6/7/2014 0:00,7.24,6.583333333,5.926666667,34.86,34.86
6/8/2014 0:00,6.48,5.946666667,5.413333333,26.06,26.06
6/9/2014 0:00,7.2,6.293333333,5.386666667,18.29,18.29
7/1/2014 0:00,22.26,17.08666667,11.91333333,37.74,37.74
7/10/2014 0:00,25.43,20.67,15.91,24.25,24.25
7/11/2014 0:00,29.32,22.59,15.86,16.12,16.12
7/12/2014 0:00,27.62,22.43,17.24,13.29,13.29
7/13/2014 0:00,35.55,26.79361632,20.45666667,19.96,19.96
7/14/2014 0:00,18.1,16.03333333,13.96666667,40.41709399,38.00169538
7/15/2014 0:00,21.94,18.69333333,15.44666667,40.41709399,38.00169538
7/16/2014 0:00,23.28,19.54666667,15.81333333,40.41709399,38.00169538
7/17/2014 0:00,24.81,20.48333333,16.15666667,40.41709399,38.00169538
7/18/2014 0:00,28.29,22.80666667,17.32333333,40.41709399,38.00169538
7/19/2014 0:00,24.96,20.42,15.88,35.49,35.49
7/2/2014 0:00,25.21,19.12333333,13.03666667,32.51,32.51
7/20/2014 0:00,22.38,17.58,12.78,12.16,12.16
7/21/2014 0:00,23.79,19.85666667,15.92333333,10.17,10.17
7/22/2014 0:00,23.76,19.43666667,15.11333333,13.35,13.35
7/23/2014 0:00,18.36,15.32666667,12.29333333,11.03,11.03
7/24/2014 0:00,15.67,12.22333333,8.776666667,8.67,8.67
7/25/2014 0:00,16.97,13.93333333,10.89666667,17.26,17.26
7/26/2014 0:00,23.61,18.1,12.59,29.75,29.75
7/27/2014 0:00,25.02,20.04333333,15.06666667,30.2,30.2
7/28/2014 0:00,21.22,18.21333333,15.20666667,38.09,38.00169538
7/29/2014 0:00,25.12,20.24666667,15.37333333,35.41,35.41
7/3/2014 0:00,22.64,17.96666667,13.29333333,33.9,33.9
7/30/2014 0:00,29.32,23.02333333,16.72666667,37.65,37.65
7/31/2014 0:00,28.08,22.77666667,17.47333333,38.63,38.00169538
7/4/2014 0:00,22.52,18.29666667,14.07333333,23.65,23.65
7/5/2014 0:00,26.09,19.73333333,13.37666667,30.07,30.07
7/6/2014 0:00,20.8,16.98333333,13.16666667,37.42,37.42
7/7/2014 0:00,22.92,18.26,13.6,29.95,29.95
7/8/2014 0:00,23.42,18.89666667,14.37333333,20.64,20.64
7/9/2014 0:00,27.91,21.61,15.31,40.41709399,38.00169538
8/1/2014 0:00,27.85,21.60666667,15.36333333,36.11,36.11
8/10/2014 0:00,24.08,19.53333333,14.98666667,12.27,12.27
8/11/2014 0:00,17.39,15,12.61,10.42,10.42
8/12/2014 0:00,14.73,13.86,12.99,8.06,8.06
8/13/2014 0:00,16.81,14.38,11.95,8.64,8.64
8/14/2014 0:00,18.68,15.64666667,12.61333333,9.36,9.36
8/15/2014 0:00,19.56,16.96333333,14.36666667,10.18,10.18
8/16/2014 0:00,17.94,16.08333333,14.22666667,9.82,9.82
8/17/2014 0:00,18.46,16.06666667,13.67333333,10.95,10.95
8/18/2014 0:00,16.45,15.7,14.95,10.07,10.07
8/19/2014 0:00,13.61,11.58333333,9.556666667,7.59,7.59
8/2/2014 0:00,29.95,23.86,17.77,39.75,38.00169538
8/20/2014 0:00,12.21,11.00333333,9.796666667,12.01,12.01
8/21/2014 0:00,11.37,9.573333333,7.776666667,8.73,8.73
8/22/2014 0:00,15.51,12.57666667,9.643333333,14.06,14.06
8/23/2014 0:00,18.21,14.81,11.41,23.1,23.1
8/24/2014 0:00,18.08,14.99,11.9,22.86,22.86
8/25/2014 0:00,16.31,14.72333333,13.13666667,16.23,16.23
8/26/2014 0:00,21.2,23.745,26.29,30,30
8/27/2014 0:00,19.14,22.2,25.26,21.02,21.02
8/28/2014 0:00,17.08,22.68,28.28,23.39,23.39
8/29/2014 0:00,17.82,22.475,27.13,19.59,19.59
8/3/2014 0:00,23.38,20.07666667,16.77333333,11.78,11.78
8/30/2014 0:00,18.31,20.84,23.37,20.87,20.87
8/31/2014 0:00,17.29,20.53,23.77,24.36,24.36
8/4/2014 0:00,26.8,21.61333333,16.42666667,10.25,10.25
8/5/2014 0:00,25.82,20.91333333,16.00666667,8.93,8.93
8/6/2014 0:00,29.22,22.94666667,16.67333333,10.37,10.37
8/7/2014 0:00,26.52,21.14666667,15.77333333,10.12,10.12
8/8/2014 0:00,30.25,24.25333333,18.25666667,9.82,9.82
8/9/2014 0:00,28.64,22.92666667,17.21333333,10.03,10.03
9/1/2014 0:00,15.5,20.55,25.6,24.54,24.54
9/10/2014 0:00,17.57,22.345,27.12,26.55,26.55
9/11/2014 0:00,18.52,21.225,23.93,28.13,28.13
9/12/2014 0:00,25.06,26.79361632,28.94,22.12,22.12
9/13/2014 0:00,22.49,23.18,23.87,22.73,22.73
9/14/2014 0:00,28.7,26.79361632,34.58,24.46,24.46
9/15/2014 0:00,18.36,18.91,19.46,25.66,25.66
9/16/2014 0:00,17.3,22.72,28.14,28.38,28.38
9/17/2014 0:00,18.62,21.46,24.3,24.74,24.74
9/18/2014 0:00,20.62,24.19,27.76,28.32,28.32
9/19/2014 0:00,26.62,25.385,24.15,23.93,23.93
9/2/2014 0:00,19.32,22.09,24.86,26.83,26.83
9/20/2014 0:00,13.28,8.11,2.94,19.07,19.07
9/21/2014 0:00,12.47,6.75,1.03,12.67,12.67
9/22/2014 0:00,26.2,13.715,1.23,13,13
9/23/2014 0:00,27.99,14.775,1.56,17.35,17.35
9/24/2014 0:00,33.68,17.775,1.87,23.17,23.17
9/25/2014 0:00,29.82,15.85,1.88,27.05,27.05
9/26/2014 0:00,30.19,16.375,2.56,19.02,19.02
9/27/2014 0:00,35.23,18.98,2.73,22.68,22.68
9/28/2014 0:00,32.44,17.5,2.56,22.18,22.18
9/29/2014 0:00,36.54190605,22.1,2.69,29.2,29.2
9/3/2014 0:00,16.38,14.315,12.25,23.05,23.05
9/30/2014 0:00,33.11,17.445,1.78,27.56,27.56
9/4/2014 0:00,14.08,14.58,15.08,23.22,23.22
9/5/2014 0:00,15.71,17.855,20,19.19,19.19
9/6/2014 0:00,15.7,20.855,26.01,27.05,27.05
9/7/2014 0:00,24.01,23.28,22.55,23.56,23.56
9/8/2014 0:00,26.28,26.79361632,27.87,25.39,25.39
9/9/2014 0:00,18.66,22.745,26.83,23.61,23.61
1/1/2015 0:00,2.92,2.92,2.92,15.76,15.76
1/10/2015 0:00,3.48,3.48,3.48,25.56,25.56
1/11/2015 0:00,4.28,4.28,4.28,24.45,24.45
1/12/2015 0:00,3.79,3.79,3.79,21.31,21.31
1/13/2015 0:00,3.43,3.43,3.43,20.59,20.59
1/14/2015 0:00,3.15,3.15,3.15,20.39,20.39
1/15/2015 0:00,3.55,3.55,3.55,23.26,23.26
1/16/2015 0:00,3.22,3.22,3.22,24.74,24.74
1/17/2015 0:00,3.76,3.76,3.76,19.76,19.76
1/18/2015 0:00,3.45,3.45,3.45,26.24,26.24
1/19/2015 0:00,3.21,3.21,3.21,18.57,18.57
1/2/2015 0:00,3.32,3.32,3.32,17.91,17.91
1/20/2015 0:00,3.59,3.59,3.59,24.4,24.4
1/21/2015 0:00,3.33,3.33,3.33,21.92,21.92
1/22/2015 0:00,2.91,2.91,2.91,18.57,18.57
1/23/2015 0:00,2.93,2.93,2.93,17.62,17.62
1/24/2015 0:00,2.82,2.82,2.82,16.49,16.49
1/25/2015 0:00,2.67,2.67,2.67,21.61,21.61
1/26/2015 0:00,3.28,3.28,3.28,16.57,16.57
1/27/2015 0:00,3.67,3.67,3.67,16.28,16.28
1/28/2015 0:00,4.17,4.17,4.17,20.26,20.26
1/29/2015 0:00,3.26,3.26,3.26,28.16,28.16
1/3/2015 0:00,2.75,2.75,2.75,27.08,27.08
1/30/2015 0:00,4.03,4.03,4.03,19.17,19.17
1/31/2015 0:00,4.41,4.41,4.41,32.83,32.83
1/4/2015 0:00,2.6,2.6,2.6,19.37,19.37
1/5/2015 0:00,2.92,2.92,2.92,18.84,18.84
1/6/2015 0:00,2.04,2.04,2.04,24.68,24.68
1/7/2015 0:00,2.9,2.9,2.9,21.83,21.83
1/8/2015 0:00,3.2,3.2,3.2,24.18,24.18
1/9/2015 0:00,3.71,3.71,3.71,24.2,24.2
10/1/2015 0:00,0,4.28,4.28,1.15,1.15
10/10/2015 0:00,0,2.92,2.92,0.76,0.76
10/11/2015 0:00,0,4.36,4.36,0.33,0.33
10/12/2015 0:00,0,3.15,3.15,0.28,0.28
10/13/2015 0:00,0,3.33,3.33,0.42,0.42
10/14/2015 0:00,0,3.58,3.58,0.22,0.22
10/15/2015 0:00,0,3.55,3.55,0.2,0.2
10/16/2015 0:00,0,4.31,4.31,0.47,0.47
10/17/2015 0:00,0,3.61,3.61,0.24,0.24
10/18/2015 0:00,0,3.7,3.7,1.27,1.27
10/19/2015 0:00,0,3.5,3.5,1.06,1.06
10/2/2015 0:00,0,3.66,3.66,1.73,1.73
10/20/2015 0:00,0,3.46,3.46,1.02,1.02
10/21/2015 0:00,0,3.82,3.82,1.01,1.01
10/22/2015 0:00,0,3.52,3.52,0.53,0.53
10/23/2015 0:00,0,3.36,3.36,0.28,0.28
10/24/2015 0:00,0,4.19,4.19,0.28,0.28
10/25/2015 0:00,0,4.8,4.8,0.78,0.78
10/26/2015 0:00,0,4.35,4.35,1.25,1.25
10/27/2015 0:00,0,3.62,3.62,0.56,0.56
10/28/2015 0:00,0,5.8,5.8,0.45,0.45
10/29/2015 0:00,0,5.36,5.36,0.23,0.23
10/3/2015 0:00,0,3.8,3.8,1.38,1.38
10/30/2015 0:00,0,5.39,5.39,0.88,0.88
10/31/2015 0:00,0,5.01,5.01,3.07,3.07
10/4/2015 0:00,0,4.18,4.18,0.36,0.36
10/5/2015 0:00,0,3.73,3.73,0.27,0.27
10/6/2015 0:00,0,3.94,3.94,0.31,0.31
10/7/2015 0:00,0,2.86,2.86,0.39,0.39
10/8/2015 0:00,0,2.74,2.74,0.51,0.51
10/9/2015 0:00,0,2.74,2.74,0.29,0.29
11/1/2015 0:00,0,4.6,4.6,2.12,2.12
11/10/2015 0:00,0,3.54,3.54,1.34,1.34
11/11/2015 0:00,0,3.66,3.66,0.67,0.67
11/12/2015 0:00,0,4.43,4.43,1.35,1.35
11/13/2015 0:00,0,3.6,3.6,0.66,0.66
11/14/2015 0:00,0,4.12,4.12,1.2,1.2
11/15/2015 0:00,0,4.24,4.24,1.25,1.25
11/16/2015 0:00,0,3.21,3.21,1.6,1.6
11/17/2015 0:00,0,3.34,3.34,0.89,0.89
11/18/2015 0:00,0,4.02,4.02,1.38,1.38
11/19/2015 0:00,0,3.21,3.21,1.29,1.29
11/2/2015 0:00,0,4.09,4.09,1.07,1.07
11/20/2015 0:00,0,3,3,1.77,1.77
11/21/2015 0:00,0,3.22,3.22,1.62,1.62
11/22/2015 0:00,0,2.79,2.79,1.61,1.61
11/23/2015 0:00,0,2.76,2.76,1.39,1.39
11/24/2015 0:00,0,2.81,2.81,1.66,1.66
11/25/2015 0:00,0,4.04,4.04,1.4,1.4
11/26/2015 0:00,0,3.52,3.52,0.95,0.95
11/27/2015 0:00,0,5.14,5.14,0.76,0.76
11/28/2015 0:00,0,2.21,2.21,0.82,0.82
11/29/2015 0:00,0,4.64,4.64,1.1,1.1
11/3/2015 0:00,0,3.6,3.6,0.88,0.88
11/30/2015 0:00,0,4.38,4.38,0.89,0.89
11/4/2015 0:00,0,3.45,3.45,0.6,0.6
11/5/2015 0:00,0,3.38,3.38,1.09,1.09
11/6/2015 0:00,0,3.44,3.44,1.06,1.06
11/7/2015 0:00,0,4.04,4.04,1.19,1.19
11/8/2015 0:00,0,4.04,4.04,2.11,2.11
11/9/2015 0:00,0,3.47,3.47,1.92,1.92
12/1/2015 0:00,0,3.85,3.85,1.6,1.6
12/10/2015 0:00,0,4.08,4.08,0.61,0.61
12/11/2015 0:00,0,5.35,5.35,1.04,1.04
12/12/2015 0:00,0,4.96,4.96,0.57,0.57
12/13/2015 0:00,0,5.42,5.42,1.09,1.09
12/14/2015 0:00,0,3.63,3.63,1.56,1.56
12/15/2015 0:00,0,4.26,4.26,0.75,0.75
12/16/2015 0:00,0,4.91,4.91,0.86,0.86
12/17/2015 0:00,0,4.94,4.94,0.78,0.78
12/18/2015 0:00,0,4.48,4.48,1.22,1.22
12/19/2015 0:00,0,4.24,4.24,0.97,0.97
12/2/2015 0:00,0,3.23,3.23,0.91,0.91
12/20/2015 0:00,0,4.53,4.53,0.82,0.82
12/21/2015 0:00,0,4.33,4.33,0.89,0.89
12/22/2015 0:00,0,4.37,4.37,1.25,1.25
12/23/2015 0:00,0,4.55,4.55,0.93,0.93
12/24/2015 0:00,0,3.79,3.79,0.83,0.83
12/25/2015 0:00,0,4.49,4.49,0.74,0.74
12/26/2015 0:00,0,5.94,5.94,1.18,1.18
12/27/2015 0:00,0,5.77,5.77,0.82,0.82
12/28/2015 0:00,0,4.45,4.45,1.07,1.07
12/29/2015 0:00,0,4.68,4.68,0.62,0.62
12/3/2015 0:00,0,3.58,3.58,1.16,1.16
12/30/2015 0:00,0,4.57,4.57,0.34,0.34
12/31/2015 0:00,0,5.51,5.51,0.66,0.66
12/4/2015 0:00,0,2.91,2.91,1,1
12/5/2015 0:00,0,4.41,4.41,0.42,0.42
12/6/2015 0:00,0,4.17,4.17,0.42,0.42
12/7/2015 0:00,0,3,3,1.01,1.01
12/8/2015 0:00,0,4.17,4.17,0.5,0.5
12/9/2015 0:00,0,4.82,4.82,1.33,1.33
2/1/2015 0:00,4.49,4.49,4.49,20.13,20.13
2/10/2015 0:00,3.06,3.06,3.06,14.85,14.85
2/11/2015 0:00,4.74,4.74,4.74,24.86,24.86
2/12/2015 0:00,0,6.4,6.4,18.65,18.65
2/13/2015 0:00,0,6.55,6.55,22.27,22.27
2/14/2015 0:00,0,6.12,6.12,14.28,14.28
2/15/2015 0:00,0,5.32,5.32,12.85,12.85
2/16/2015 0:00,0,6.22,6.22,23.51,23.51
2/17/2015 0:00,0,7.45,7.45,19.61,19.61
2/18/2015 0:00,0,6.7,6.7,9.05,9.05
2/19/2015 0:00,0,6.45,6.45,5.2,5.2
2/2/2015 0:00,3.6,3.6,3.6,23.16,23.16
2/20/2015 0:00,0,6.96,6.96,4.79,4.79
2/21/2015 0:00,0,6.42,6.42,12.38,12.38
2/22/2015 0:00,0,5.34,5.34,7.26,7.26
2/23/2015 0:00,0,5.26,5.26,18.45,18.45
2/24/2015 0:00,0,5.41,5.41,13.81,13.81
2/25/2015 0:00,0,6.69,6.69,15.96,15.96
2/26/2015 0:00,0,6.83,6.83,8.19,8.19
2/27/2015 0:00,0,5.28,5.28,2.54,2.54
2/28/2015 0:00,0,5.66,5.66,11.53,11.53
2/3/2015 0:00,2.28,2.28,2.28,18.09,18.09
2/4/2015 0:00,3.88,3.88,3.88,19.25,19.25
2/5/2015 0:00,5.09,5.09,5.09,17.12,17.12
2/6/2015 0:00,4.08,4.08,4.08,16.69,16.69
2/7/2015 0:00,3.96,3.96,3.96,20.12,20.12
2/8/2015 0:00,4.69,4.69,4.69,20.28,20.28
2/9/2015 0:00,3.94,3.94,3.94,14.32,14.32
3/1/2015 0:00,0,6.21,6.21,15.25,15.25
3/10/2015 0:00,0,4.69,4.69,18.33,18.33
3/11/2015 0:00,0,5.23,5.23,19.38,19.38
3/12/2015 0:00,0,4.3,4.3,20.85,20.85
3/13/2015 0:00,0,4.37,4.37,21.64,21.64
3/14/2015 0:00,0,6.28,6.28,21.25,21.25
3/15/2015 0:00,0,5.22,5.22,21.36,21.36
3/16/2015 0:00,0,3.52,3.52,15.63,15.63
3/17/2015 0:00,0,3.57,3.57,11.89,11.89
3/18/2015 0:00,0,3.46,3.46,19.36,19.36
3/19/2015 0:00,0,3.83,3.83,16.94,16.94
3/2/2015 0:00,0,5.31,5.31,12.26,12.26
3/20/2015 0:00,0,3.85,3.85,19.05,19.05
3/21/2015 0:00,0,5.74,5.74,24.47,24.47
3/22/2015 0:00,0,4.92,4.92,22.59,22.59
3/23/2015 0:00,0,4.41,4.41,25.1,25.1
3/24/2015 0:00,0,4.15,4.15,15.5,15.5
3/25/2015 0:00,0,4.29,4.29,18.13,18.13
3/26/2015 0:00,0,4.4,4.4,17.21,17.21
3/27/2015 0:00,0,3.91,3.91,16.31,16.31
3/28/2015 0:00,0,6.49,6.49,21.25,21.25
3/29/2015 0:00,0,5.48,5.48,20.63,20.63
3/3/2015 0:00,0,4.7,4.7,12.71,12.71
3/30/2015 0:00,0,4.51,4.51,16.82,16.82
3/31/2015 0:00,0,3.21,3.21,16.08,16.08
3/4/2015 0:00,0,5,5,9.7,9.7
3/5/2015 0:00,0,4.44,4.44,12.9,12.9
3/6/2015 0:00,0,4.54,4.54,12.25,12.25
3/7/2015 0:00,0,6.54,6.54,18.34,18.34
3/8/2015 0:00,0,5.78,5.78,27.35,27.35
3/9/2015 0:00,0,4.43,4.43,18.03,18.03
4/1/2015 0:00,0,3.81,3.81,17.78,17.78
4/10/2015 0:00,0,3.4,3.4,12.66,12.66
4/11/2015 0:00,0,4.78,4.78,17.78,17.78
4/12/2015 0:00,0,4.76,4.76,21.51,21.51
4/13/2015 0:00,0,3.41,3.41,15.74,15.74
4/14/2015 0:00,0,3.93,3.93,11.28,11.28
4/15/2015 0:00,0,3.23,3.23,14.94,14.94
4/16/2015 0:00,0,3.53,3.53,15.13,15.13
4/17/2015 0:00,0,3.36,3.36,14.4,14.4
4/18/2015 0:00,0,11.13,11.13,18.5,18.5
4/19/2015 0:00,0,9.55,9.55,15.67,15.67
4/2/2015 0:00,0,3.51,3.51,17.18,17.18
4/20/2015 0:00,0,8.13,8.13,14.69,14.69
4/21/2015 0:00,0,8.74,8.74,14.28,14.28
4/22/2015 0:00,0,4.51,4.51,19.07,19.07
4/23/2015 0:00,0,9.01,9.01,14.66,14.66
4/24/2015 0:00,0,8.32,8.32,13.93,13.93
4/25/2015 0:00,0,11.58,11.58,16.32,16.32
4/26/2015 0:00,0,10.14,10.14,17.92,17.92
4/27/2015 0:00,0,4.13,4.13,17.45,17.45
4/28/2015 0:00,0,3.58,3.58,11.1,11.1
4/29/2015 0:00,0,3.25,3.25,11.26,11.26
4/3/2015 0:00,0,3.64,3.64,16.18,16.18
4/30/2015 0:00,0,4.02,4.02,14.77,14.77
4/4/2015 0:00,0,4.87,4.87,18.4,18.4
4/5/2015 0:00,0,4.14,4.14,20.82,20.82
4/6/2015 0:00,0,4.05,4.05,15.17,15.17
4/7/2015 0:00,0,3.36,3.36,14.09,14.09
4/8/2015 0:00,0,3.98,3.98,18.98,18.98
4/9/2015 0:00,0,3.55,3.55,14.46,14.46
5/1/2015 0:00,0,4.34,4.34,14.63,14.63
5/10/2015 0:00,0,3.45,3.45,14.92,14.92
5/11/2015 0:00,0,2.8,2.8,15.07,15.07
5/12/2015 0:00,0,3.16,3.16,13.43,13.43
5/13/2015 0:00,0,2.8,2.8,12.9,12.9
5/14/2015 0:00,0,3.08,3.08,15.99,15.99
5/15/2015 0:00,0,3.11,3.11,13.97,13.97
5/16/2015 0:00,0,6.17,6.17,13.3,13.3
5/17/2015 0:00,0,5.58,5.58,14.83,14.83
5/18/2015 0:00,0,3.78,3.78,12.9,12.9
5/19/2015 0:00,0,3.57,3.57,10.52,10.52
5/2/2015 0:00,0,3.86,3.86,15.63,15.63
5/20/2015 0:00,0,3.35,3.35,11.13,11.13
5/21/2015 0:00,0,3.31,3.31,10.4,10.4
5/22/2015 0:00,0,2.59,2.59,12.58,12.58
5/23/2015 0:00,0,3.62,3.62,19.21,19.21
5/24/2015 0:00,0,3.52,3.52,19.12,19.12
5/25/2015 0:00,0,3.29,3.29,9.63,9.63
5/26/2015 0:00,0,3.01,3.01,12.26,12.26
5/27/2015 0:00,0,3.15,3.15,11.02,11.02
5/28/2015 0:00,0,3.34,3.34,15.53,15.53
5/29/2015 0:00,0,4.09,4.09,12.01,12.01
5/3/2015 0:00,0,4.36,4.36,16.31,16.31
5/30/2015 0:00,0,7.13,7.13,14.6,14.6
5/31/2015 0:00,0,4.22,4.22,12.9,12.9
5/4/2015 0:00,0,2.74,2.74,14.82,14.82
5/5/2015 0:00,0,3.53,3.53,13.33,13.33
5/6/2015 0:00,0,3.05,3.05,10.99,10.99
5/7/2015 0:00,0,3.35,3.35,11.72,11.72
5/8/2015 0:00,0,2.93,2.93,13.4,13.4
5/9/2015 0:00,0,4.16,4.16,16.34,16.34
6/1/2015 0:00,0,3.52,3.52,12.78,12.78
6/10/2015 0:00,0,6.81,6.81,16.96,16.96
6/11/2015 0:00,0,5.11,5.11,10.99,10.99
6/12/2015 0:00,0,5.19,5.19,19.36,19.36
6/13/2015 0:00,0,9.56,9.56,23.33,23.33
6/14/2015 0:00,0,7.3,7.3,29.63,29.63
6/15/2015 0:00,0,5.84,5.84,15.42,15.42
6/16/2015 0:00,0,4.12,4.12,25.86,25.86
6/17/2015 0:00,0,7.21,7.21,25.16,25.16
6/18/2015 0:00,0,7.29,7.29,32.4,32.4
6/19/2015 0:00,0,8.57,8.57,16.88,16.88
6/2/2015 0:00,0,4.23,4.23,14.32,14.32
6/20/2015 0:00,0,9.86,9.86,15,15
6/21/2015 0:00,0,10.59,10.59,13.84,13.84
6/22/2015 0:00,0,6.45,6.45,12.11,12.11
6/23/2015 0:00,0,5.1,5.1,16.87,16.87
6/24/2015 0:00,0,4.38,4.38,18.9,18.9
6/25/2015 0:00,0,4.47,4.47,20.65,20.65
6/26/2015 0:00,0,4.45,4.45,17.15,17.15
6/27/2015 0:00,0,8.49,8.49,17.21,17.21
6/28/2015 0:00,0,9.4,9.4,18.08,18.08
6/29/2015 0:00,0,6.13,6.13,21.83,21.83
6/3/2015 0:00,0,7.12,7.12,11.2,11.2
6/30/2015 0:00,0,6.63,6.63,20.7,20.7
6/4/2015 0:00,0,5.36,5.36,11.29,11.29
6/5/2015 0:00,0,4.83,4.83,16.7,16.7
6/6/2015 0:00,0,5.73,5.73,17.27,17.27
6/7/2015 0:00,0,5.2,5.2,15.71,15.71
6/8/2015 0:00,0,5.62,5.62,21.64,21.64
6/9/2015 0:00,0,5.79,5.79,19.95,19.95
7/1/2015 0:00,0,6.42,6.42,20.57,20.57
7/10/2015 0:00,0,5.12,5.12,14.01,14.01
7/11/2015 0:00,0,7.62,7.62,19.51,19.51
7/12/2015 0:00,0,10.53,10.53,19.97,19.97
7/13/2015 0:00,0,12.69,12.69,19.23,19.23
7/14/2015 0:00,0,10.7,10.7,25.38,25.38
7/15/2015 0:00,0,8.8,8.8,26.08,26.08
7/16/2015 0:00,0,8.75,8.75,10.59,10.59
7/17/2015 0:00,0,12.09,12.09,16.57,16.57
7/18/2015 0:00,0,8.72,8.72,18.6,18.6
7/19/2015 0:00,0,7.36,7.36,18.39,18.39
7/2/2015 0:00,0,6.91,6.91,21.43,21.43
7/20/2015 0:00,0,5.38,5.38,15.57,15.57
7/21/2015 0:00,0,4.24,4.24,7.47,7.47
7/22/2015 0:00,0,3.93,3.93,10.51,10.51
7/23/2015 0:00,0,5.02,5.02,8.65,8.65
7/24/2015 0:00,0,3.76,3.76,11.55,11.55
7/25/2015 0:00,0,4.08,4.08,17.56,17.56
7/26/2015 0:00,0,5.3,5.3,10.17,10.17
7/27/2015 0:00,0,6.93,6.93,13.51,13.51
7/28/2015 0:00,0,8.25,8.25,20.47,20.47
7/29/2015 0:00,0,7.28,7.28,17.5,17.5
7/3/2015 0:00,0,6.31,6.31,19.67,19.67
7/30/2015 0:00,0,6.4,6.4,21.83,21.83
7/31/2015 0:00,0,8.33,8.33,14.07,14.07
7/4/2015 0:00,0,10.48,10.48,11.9,11.9
7/5/2015 0:00,0,4.91,4.91,13.33,13.33
7/6/2015 0:00,0,5.7,5.7,14.91,14.91
7/7/2015 0:00,0,5.66,5.66,12.78,12.78
7/8/2015 0:00,0,7.02,7.02,14.05,14.05
7/9/2015 0:00,0,5.7,5.7,12.21,12.21
8/1/2015 0:00,0,8.85,8.85,18.63,18.63
8/10/2015 0:00,0,4.33,4.33,12.09,12.09
8/11/2015 0:00,0,4.1,4.1,13.56,13.56
8/12/2015 0:00,0,4.59,4.59,13.96,13.96
8/13/2015 0:00,0,7.19,7.19,14.11,14.11
8/14/2015 0:00,0,7.51,7.51,12.5,12.5
8/15/2015 0:00,0,7.35,7.35,14.29,14.29
8/16/2015 0:00,0,3.82,3.82,15.15,15.15
8/17/2015 0:00,0,4.58,4.58,12.94,12.94
8/18/2015 0:00,0,5.2,5.2,12.98,12.98
8/19/2015 0:00,0,4.66,4.66,11.96,11.96
8/2/2015 0:00,0,9.6,9.6,17.42,17.42
8/20/2015 0:00,0,9.07,9.07,13.52,13.52
8/21/2015 0:00,0,5.81,5.81,14.75,14.75
8/22/2015 0:00,0,12.48,12.48,0.55,0.55
8/23/2015 0:00,0,10.91,10.91,0.49,0.49
8/24/2015 0:00,0,8.5,8.5,0.89,0.89
8/25/2015 0:00,0,10.25,10.25,0.65,0.65
8/26/2015 0:00,0,7.53,7.53,0.33,0.33
8/27/2015 0:00,0,7.8,7.8,0.5,0.5
8/28/2015 0:00,0,5.55,5.55,0.39,0.39
8/29/2015 0:00,0,4.5,4.5,0.23,0.23
8/3/2015 0:00,0,9.35,9.35,28.5,28.5
8/30/2015 0:00,0,4.98,4.98,0.39,0.39
8/31/2015 0:00,0,3.62,3.62,0.29,0.29
8/4/2015 0:00,0,11.75,11.75,25.27,25.27
8/5/2015 0:00,0,10.42,10.42,20.66,20.66
8/6/2015 0:00,0,10.38,10.38,14.2,14.2
8/7/2015 0:00,0,9.56,9.56,17.83,17.83
8/8/2015 0:00,0,9.69,9.69,10.8,10.8
8/9/2015 0:00,0,4.11,4.11,10.64,10.64
9/1/2015 0:00,0,3.54,3.54,0.91,0.91
9/10/2015 0:00,0,9.86,9.86,0.69,0.69
9/11/2015 0:00,0,9.81,9.81,0.51,0.51
9/12/2015 0:00,0,12.06,12.06,0.39,0.39
9/13/2015 0:00,0,4.69,4.69,0.33,0.33
9/14/2015 0:00,0,3.28,3.28,0.62,0.62
9/15/2015 0:00,0,3.42,3.42,0.31,0.31
9/16/2015 0:00,0,3.18,3.18,0.35,0.35
9/17/2015 0:00,0,3.22,3.22,0.49,0.49
9/18/2015 0:00,0,3.78,3.78,0.41,0.41
9/19/2015 0:00,0,3.2,3.2,0.33,0.33
9/2/2015 0:00,0,4.1,4.1,0.63,0.63
9/20/2015 0:00,0,3.43,3.43,0.6,0.6
9/21/2015 0:00,0,2.83,2.83,0.59,0.59
9/22/2015 0:00,0,3.07,3.07,0.55,0.55
9/23/2015 0:00,0,2.83,2.83,0.45,0.45
9/24/2015 0:00,0,4.02,4.02,0.24,0.24
9/25/2015 0:00,0,3.92,3.92,1,1
9/26/2015 0:00,0,4.59,4.59,2.49,2.49
9/27/2015 0:00,0,4.65,4.65,1.31,1.31
9/28/2015 0:00,0,3.01,3.01,1.04,1.04
9/29/2015 0:00,0,3.38,3.38,0.35,0.35
9/3/2015 0:00,0,4.8,4.8,0.92,0.92
9/30/2015 0:00,0,4.06,4.06,0.44,0.44
9/4/2015 0:00,0,5.81,5.81,0.6,0.6
9/5/2015 0:00,0,5.04,5.04,0.44,0.44
9/6/2015 0:00,0,5.4,5.4,0.26,0.26
9/7/2015 0:00,0,9.31,9.31,0.44,0.44
9/8/2015 0:00,0,10.11,10.11,0.34,0.34
9/9/2015 0:00,0,9.3,9.3,0.39,0.39
1/1/2016 0:00,9.2,11.07,19.55,15.44,11.24
1/10/2016 0:00,12.65,15.18,25.9,11.76,5.57
1/11/2016 0:00,6.72,11.65,24.5,8.87,4.59
1/12/2016 0:00,6.69,12.53,30.66,8.63,4.37
1/13/2016 0:00,9.13,13.68,24.89,14.69,5.74
1/14/2016 0:00,8.42,13.04,26.68,16.33,4.59
1/15/2016 0:00,8.47,13.81,26.94,12.15,4.74
1/16/2016 0:00,11.65,10.39,26.86,8.75,3.58
1/17/2016 0:00,9.76,12.49,27.29,11.13,9.68
1/18/2016 0:00,5.74,12.35,16.67,13.36,4.71
1/19/2016 0:00,8.08,11.13,16.14,13.81,7.17
1/2/2016 0:00,9.05,12.37,26.43,13.44,6.73
1/20/2016 0:00,5.94,10.19,30.56,14.1,5.86
1/21/2016 0:00,6.2,11.24,26.21,12.75,5.28
1/22/2016 0:00,6,9.23,29.25,11.98,3.63
1/23/2016 0:00,10.09,8.01,29.42,13.35,4.56
1/24/2016 0:00,14.68,8.32,37.44677245,12.81,8.09
1/25/2016 0:00,6.65,10.13,37.44677245,19.36,8.07
1/26/2016 0:00,8.04,9.13,37.44677245,13.46,8.2
1/27/2016 0:00,9.95,7.8,37.44677245,13.1,4.03
1/28/2016 0:00,13.75,9.63,33.57,13.98,3.54
1/29/2016 0:00,9.74,9.09,37.44677245,12.43,4.4
1/3/2016 0:00,9.73,13.86,22.63,10.94,7.18
1/30/2016 0:00,12.27,10.25,23.25,13.88,6.19
1/31/2016 0:00,7.8,10.96,28.49,30.31,7.27
1/4/2016 0:00,5.1,12.91,17,13.91,6.79
1/5/2016 0:00,5.34,13.11,19.02,14.02,5.97
1/6/2016 0:00,4.36,12.31,27.69,13.94,6.21
1/7/2016 0:00,4.76,13.64,18.62,13.1,6.6
1/8/2016 0:00,10.32,13.47,23.78,14.08,5.24
1/9/2016 0:00,7.03,13.56,20.1,14.78,4.27
10/1/2016 0:00,18.19,17.49,16.79,14.77,8.8
10/10/2016 0:00,6.5,13.96,12.26,14.06,5.21
10/11/2016 0:00,8.08,16.13,15.66,17.54,4.01
10/12/2016 0:00,7.97,12.73,13.43,14.13,5.8
10/13/2016 0:00,8.81,14.03,15.03,11.99,5.36
10/14/2016 0:00,7.37,14.42,14.61,15.14,5.24
10/15/2016 0:00,11.72,15.73,13.97,12.82,8.26
10/16/2016 0:00,11.02,16.71,15.07,16.51,10.17
10/17/2016 0:00,8.18,14.27,14.11,10.32,14.45
10/18/2016 0:00,7.33,14.17,14.77,13.3,9.4
10/19/2016 0:00,6.71,17.73,11.72,13.18,11.35
10/2/2016 0:00,10.93,18.875,26.82,12.19,12.71
10/20/2016 0:00,8.52,17.67,11.73,12.2,11.74
10/21/2016 0:00,6.31,20.4,11.98,10.79,13.64
10/22/2016 0:00,7.18,10.95,12.81,15.64,10.56
10/23/2016 0:00,8.07,17.95,15.12,16.48,17.14
10/24/2016 0:00,8.09,17.83,17.26,13.04,8.35
10/25/2016 0:00,9.53,17.31,14.91,10.39,8.68
10/26/2016 0:00,5.48,21.44,19.59,12,6.39
10/27/2016 0:00,8.75,19.09,20.79,11.15,7.96
10/28/2016 0:00,9.3,18.56,17.95,12.22,8.13
10/29/2016 0:00,7.54,16.25,19.26,13.16,11.5
10/3/2016 0:00,11.41,13.055,14.7,22.81,9.08
10/30/2016 0:00,9.16,14.2,14.46,13.33,7.16
10/31/2016 0:00,6.74,13.66,11.72,10.39,5.25
10/4/2016 0:00,19.92,17.985,16.05,24.44,13.97
10/5/2016 0:00,10.7,17.4,24.1,16.3,12.59
10/6/2016 0:00,9.2,10.92,12.64,13.25,10.41
10/7/2016 0:00,6.77,8.81,10.85,13.7,11.92
10/8/2016 0:00,6.76,16.68,11.77,13.75,9.08
10/9/2016 0:00,6.15,16.28,13.03,11.27,7.21
2/1/2016 0:00,9.51,10.91,37.44677245,17.66,4.4
2/10/2016 0:00,8.96,11.47,25.11,8.56,5.12
2/11/2016 0:00,13.35,10.22,14.91,11.54,9.02
2/12/2016 0:00,12.17,10.82,17.38,11.57,6.93
2/13/2016 0:00,11.16,9.05,12.7,11.2,9.53
2/14/2016 0:00,9.75,10.2,12.57,10.91,7.47
2/15/2016 0:00,12.81,11.02,28.79,5.61,5.29
2/16/2016 0:00,11.52,9.43,27.69,4.02,7.69
2/17/2016 0:00,14.64,10.43,24.63,8.55,6.97
2/18/2016 0:00,11.59,10.42,36.45,15.96,9.95
2/19/2016 0:00,12.21,10.78,22.15,12.04,8.74
2/2/2016 0:00,13.14,11.79,36.4,19.07,9.21
2/20/2016 0:00,7.5,10.41,16.85,11.55,3.82
2/21/2016 0:00,11.74,8.61,24,12.98,9.58
2/22/2016 0:00,12.82,10.6,14.85,9.44,5.77
2/23/2016 0:00,9.89,9.52,17.84,15.08,7.5
2/24/2016 0:00,9.06,8.33,26.59,17.01,4.85
2/25/2016 0:00,9.75,11.17,31.62,13.1,5.06
2/26/2016 0:00,12.84,11.77,21.94,12.65,5.82
2/27/2016 0:00,8.65,10.94,27.73,18.01,6
2/28/2016 0:00,12.16,8.9,11.45,12.9,11.1
2/29/2016 0:00,5.81,8.27,16,13.53,6.11
2/3/2016 0:00,10.49,8.95,30.53,16.81,6.21
2/4/2016 0:00,15.96,11.19,18.8,10.88,4.57
2/5/2016 0:00,22.64,9.24,18.89,11.39,7.79
2/6/2016 0:00,22.31,10,30.02,23.59,10.62
2/7/2016 0:00,15.27,9.19,30.91,12.6,12.36
2/8/2016 0:00,9.24,8.35,34.43,8.25,11.5
2/9/2016 0:00,12.62,8.13,19.19,10.49,4.9
3/1/2016 0:00,9.7,7.25,11.53,17.26,5.36
3/10/2016 0:00,8.19,8.4,32.24,12.4,6.78
3/11/2016 0:00,11.97,8.45,26.86,11.83,4.08
3/12/2016 0:00,11.99,8.35,30.62,17.36,5.02
3/13/2016 0:00,9.94,8.24,23.43,15.84,10.88
3/14/2016 0:00,8,7.93,20.99,15.2,5.84
3/15/2016 0:00,9.18,8.55,20.32,24.67,7.24
3/16/2016 0:00,10.49,7.75,23.58,17.1,7.82
3/17/2016 0:00,6.8,8.91,19.63,14.05,5.75
3/18/2016 0:00,8.46,7.88,12.46,14.59,6.74
3/19/2016 0:00,6.61,8.86,9.68,11.07,8.33
3/2/2016 0:00,8.69,7.95,15.85,15.71,6.15
3/20/2016 0:00,10.5,8.8,12.65,17.1,5.63
3/21/2016 0:00,7.17,8.62,15.6,17.59,5.4
3/22/2016 0:00,6.4,8.9,25.2,15.42,6.22
3/23/2016 0:00,7.32,7.99,25.28,15.59,5.55
3/24/2016 0:00,9.98,8.38,27.88,16.82,6.61
3/25/2016 0:00,9.67,8.96,29.43,17.86,8.09
3/26/2016 0:00,10.62,7.25,24.85,14.96,5.69
3/27/2016 0:00,12.95,8.75,12.52,17.36,4.26
3/28/2016 0:00,8.72,8.35,17.89,16.47,6.16
3/29/2016 0:00,6.28,8.75,23.65,19.6,8.05
3/3/2016 0:00,6.85,9.09,13.55,12.78,4.64
3/30/2016 0:00,7,8.27,19.96,13.73,5.76
3/31/2016 0:00,5.86,8.88,9.68,16.22,4.48
3/4/2016 0:00,10.44,8.79,10.58,15.68,3.62
3/5/2016 0:00,9.38,8.52,12.85,14.99,4.32
3/6/2016 0:00,9.53,9.88,10.83,20.15,10.63
3/7/2016 0:00,7.72,8.86,10.96,11.89,7.92
3/8/2016 0:00,7.85,8.82,12.35,13.69,6.57
3/9/2016 0:00,8.06,9.06,12.14,16.95,4.3
4/1/2016 0:00,8.55,8.95,9.44,15.71,4.97
4/10/2016 0:00,12.2,7.73,8.48,16.62,6.2
4/11/2016 0:00,6.51,7.1,12.77,16.7,4.57
4/12/2016 0:00,7.61,6.74,9.69,17.56,4.7
4/13/2016 0:00,5.94,6.88,8.35,14.97,4.03
4/14/2016 0:00,8.67,6.78,14.39,12.73,5.62
4/15/2016 0:00,11.04,7.48,11.51,13.37,3.01
4/16/2016 0:00,8.11,7.56,12.68,16.89,6.24
4/17/2016 0:00,12.28,6.71,11.14,17.05,6.37
4/18/2016 0:00,5.69,7.4,10.06,14.23,4.94
4/19/2016 0:00,7.36,6.94,10.89,17.53,4.08
4/2/2016 0:00,8.34,9.14,10.16,20.9,6.64
4/20/2016 0:00,7.51,6.54,11.67,16.59,4.7
4/21/2016 0:00,7.52,7.09,8.82,19.65,3.72
4/22/2016 0:00,12.08,7.61,13.53,20.08,6.65
4/23/2016 0:00,7.05,7.31,11.03,15.21,4.05
4/24/2016 0:00,8.52,7.57,7.68,15.59,7.14
4/25/2016 0:00,5.92,6.64,11.24,17.68,4.54
4/26/2016 0:00,7.21,6.61,10.46,16.83,3.95
4/27/2016 0:00,7.79,7.68,11.59,18.35,4.71
4/28/2016 0:00,8.39,7.73,10.26,12.69,4.62
4/29/2016 0:00,8.8,7.69,11.44,16.49,4.58
4/3/2016 0:00,11,10.85,10.31,13.5,8.25
4/30/2016 0:00,11.39,8.27,11.01,18.7,3.17
4/4/2016 0:00,9.37,10.42,11.61,12.69,5.53
4/5/2016 0:00,6.62,8.45,9.85,12.51,4.79
4/6/2016 0:00,7.68,7.81,12.25,17.14,3.97
4/7/2016 0:00,6.16,7.87,10.22,16.94,6.05
4/8/2016 0:00,9.34,7.93,8.55,13.46,2.91
4/9/2016 0:00,7.23,8.08,9.85,15.85,5.41
5/1/2016 0:00,12.25,8.51,8.71,15.4,3.36
5/10/2016 0:00,6.99,7.05,12.49,18.28,8.09
5/11/2016 0:00,4.85,7.23,8.92,17.07,7.79
5/12/2016 0:00,5.84,7.44,12.13,19.24,5.42
5/13/2016 0:00,9.48,7.8,9.12,13.71,6.54
5/14/2016 0:00,8.78,9.37,6.67,17.31,5.92
5/15/2016 0:00,7.95,10.865,13.78,15.93,11.07
5/16/2016 0:00,3.12,7.68,12.24,16.25,8.54
5/17/2016 0:00,4.67,6.46,9.36,16.61,4.02
5/18/2016 0:00,4.85,6.6,10,17.75,6.41
5/19/2016 0:00,3.86,6.84,10.8,17.38,6.81
5/2/2016 0:00,9.43,8.17,9.54,16.25,7.95
5/20/2016 0:00,5.39,6.92,10.89,15.55,4.71
5/21/2016 0:00,5.37,7.03,8.75,20.13,6.89
5/22/2016 0:00,9,7.25,9.61,14.35,8.92
5/23/2016 0:00,6.66,6.92,11.1,13.88,8.75
5/24/2016 0:00,4.99,6.9,10.83,15.47,6.99
5/25/2016 0:00,6.81,7.9,11.52,16.23,7.5
5/26/2016 0:00,4.36,8.4,14.22,14.74,8.96
5/27/2016 0:00,10.51,8.76,12.24,20.47,10.34
5/28/2016 0:00,14.29,9.8,9.72,21.15,13.99
5/29/2016 0:00,15.8,8.68,21.2,19.27,20.43
5/3/2016 0:00,5.23,7.47,10.26,18.13,5.17
5/30/2016 0:00,10.59,8.89,16.93,21.29,11.35
5/31/2016 0:00,4.65,8.83,15.13,18.91,15.08
5/4/2016 0:00,7.13,7.83,10.57,15.38,5.21
5/5/2016 0:00,5.2,8.03,12.22,18.15,6.47
5/6/2016 0:00,6.48,8.94,11.85,23.09,4.86
5/7/2016 0:00,9.48,9.05,15.87,17.69,5.32
5/8/2016 0:00,8.52,9.49,13.21,16.89,13.9
5/9/2016 0:00,5.07,7.68,15.21,20.05,10.89
6/1/2016 0:00,14.08,10.09,20.16,24.21,15.06
6/10/2016 0:00,19.58,9.2,17.54,16.51,10.86
6/11/2016 0:00,14.53,10.09,14.19,19.1,14.17
6/12/2016 0:00,7.78,9.71,11.97,13.89,11.36
6/13/2016 0:00,6.08,9.9,8.87,13.03,9.49
6/14/2016 0:00,6.41,9.56,9.29,12.48,13.97
6/15/2016 0:00,5.52,10.15,13.47,17.07,9.77
6/16/2016 0:00,7.99,9.36,14.36,16.98,13.19
6/17/2016 0:00,12.06,8,13.67,14.27,14.53
6/18/2016 0:00,8.96,11.66,12.88,13.7,14.81
6/19/2016 0:00,21.08,16.61,12.13,14.85,18.67
6/2/2016 0:00,7.65,8.91,13.53,19.82,14.8
6/20/2016 0:00,15.06,9.35,18.65,16.06,15.5
6/21/2016 0:00,16.91,16.16,18.83,14.64,12.58
6/22/2016 0:00,14.7,16.56,21.21,21.86,10.4
6/23/2016 0:00,25.08,17.59,21.22,21.48,16.58
6/24/2016 0:00,32.24,21.6,25.94,21.94,13.4
6/25/2016 0:00,35.95,19.46,22.18,24.25,10.05
6/26/2016 0:00,21.27,14.87,34.17,17.68,17.15
6/27/2016 0:00,15.72,20.77,25.69,15.13,15.84
6/28/2016 0:00,26.52,25.93,19.66,18.25,13.47
6/29/2016 0:00,31.08,26.79361632,33.7,19.84,14.77
6/3/2016 0:00,8.53,8.97,10.99,16.92,9.87
6/30/2016 0:00,22.28,20.95,27.94,20.92,13.82
6/4/2016 0:00,12.84,8.71,7.47,15.38,14.8
6/5/2016 0:00,9.49,8.05,12.43,15.71,21.49
6/6/2016 0:00,5.55,8.44,11.2,14.64,12.09
6/7/2016 0:00,9.86,12.84,13.27,15.63,10.26
6/8/2016 0:00,9.01,20.3,19.24,14.63,5.85
6/9/2016 0:00,15.41,12.5,19.76,18.67,12.77
7/1/2016 0:00,30.13,25.52,25.61,20.66,19.11
7/10/2016 0:00,27.19,26.79361632,34.05,15.25,11.89
7/11/2016 0:00,23.59,25.03,19.83,10,8.97
7/12/2016 0:00,22.43,26.79361632,18.47,12.66,10.59
7/13/2016 0:00,27.54,26.79361632,29.46,9.38,10.07
7/14/2016 0:00,35.04,18.18,27.88,15.88,9.69
7/15/2016 0:00,31.3,0,26.27,20.4,7.7
7/16/2016 0:00,36.13,0,36.02,28.5,11.03
7/17/2016 0:00,30.47,0,32.35,23.79,11.65
7/18/2016 0:00,20.69,0,17.79,22.89,5.09
7/19/2016 0:00,18.96,0,21.88,21.48,6.32
7/2/2016 0:00,35.86,26.79361632,27.72,20.01,19.24
7/20/2016 0:00,33.71,0,18.93,21.1,8.34
7/21/2016 0:00,32.1,0,21.75,22.36,12.36
7/22/2016 0:00,35.31,0,27.32,30.91,12.06
7/23/2016 0:00,31.66,0,37.44677245,29.25,19.66
7/24/2016 0:00,36.54190605,0,37.44677245,30.33,16.54
7/25/2016 0:00,36.41,0,32.47,30.53,15.22
7/26/2016 0:00,36.54190605,0,37.44677245,29.37,10.26
7/27/2016 0:00,36.44,0,37.44677245,38.92,14.11
7/28/2016 0:00,23.81,0,37.44677245,30.1,15.33
7/29/2016 0:00,12.98,0,6.8,26.58,15.89
7/3/2016 0:00,36.54190605,26.79361632,33.09,24.6,18.13
7/30/2016 0:00,2.9,0,24.1,33.05,15.79
7/31/2016 0:00,4.36,0,37.44677245,18.63,27.42
7/4/2016 0:00,24.81,26.79361632,37.44677245,24.03,12.56
7/5/2016 0:00,25.56,26.79361632,37.44677245,25.85,12.62
7/6/2016 0:00,21.62,26.79361632,37.44677245,35.1,12.13
7/7/2016 0:00,36.54190605,26.79361632,0.4,21.81,14.21
7/8/2016 0:00,34.68,26.63,31.075,17.04,9.5
7/9/2016 0:00,26.53,26.36,16.56,14.33,4.98
8/1/2016 0:00,5.82,0,33.42,31.22,12.95
8/10/2016 0:00,10.21,0,21.8,33.22,12.33
8/11/2016 0:00,2.79,0,8.87,20.94,16.11
8/12/2016 0:00,4.98,0,7.69,19.97,13.26
8/13/2016 0:00,7.62,0,9.13,21.3,8.96
8/14/2016 0:00,4.55,0,27.45,16.18,17.27
8/15/2016 0:00,17.16,0,28.19,21.2,12.41
8/16/2016 0:00,33.86,0,22.36,17.37,14.83
8/17/2016 0:00,26.85,0,24.38,24.83,10.58
8/18/2016 0:00,32.28,0,16.78,23.85,17.2
8/19/2016 0:00,31.07,0,31.9,22.37,13.28
8/2/2016 0:00,7.65,0,20.62,37.73,14.71
8/20/2016 0:00,35.48,0,27.2,24.17,20.7
8/21/2016 0:00,34.05,0,32.84,25.16,9.66
8/22/2016 0:00,34.73,0,37.44677245,21.42,5.79
8/23/2016 0:00,35.66,0,35.52,29.46,8.86
8/24/2016 0:00,36.54190605,0,36.15,36.2,15.38
8/25/2016 0:00,34.62,26.79361632,34.02,32.99,13.92
8/26/2016 0:00,35.67,26.79361632,37.44677245,20.69,15.92
8/27/2016 0:00,35.57,26.79361632,31.76,28.28,16.62
8/28/2016 0:00,20.89,20.5,20.11,22.22,16.43
8/29/2016 0:00,11.85,15.96,20.07,17.07,9.97
8/3/2016 0:00,2.46,0,22.94,24.05,12.55
8/30/2016 0:00,7.58,12.08,16.58,16.07,9.21
8/31/2016 0:00,18.84,19.085,19.33,22.3,11.3
8/4/2016 0:00,9.77,0,29.91,26.74,16.25
8/5/2016 0:00,9.07,0,27.21,26.1,14.74
8/6/2016 0:00,8.96,0,19.06,26.36,15.55
8/7/2016 0:00,5.24,0,25.77,34.5,20.03
8/8/2016 0:00,10.61,0,36.28,28.2,16.08
8/9/2016 0:00,10.84,0,24.92,26.93,12.18
9/1/2016 0:00,19.13,23.665,28.2,24.62,9.99
9/10/2016 0:00,18,17.715,17.43,21.67,6.72
9/11/2016 0:00,15.95,20.75,25.55,20.52,6.79
9/12/2016 0:00,5.26,12.15,19.04,15.72,8.35
9/13/2016 0:00,8.35,10.77,13.19,15.85,8.06
9/14/2016 0:00,10.23,12.11,13.99,13.88,6.35
9/15/2016 0:00,10.08,12.145,14.21,5.11,2.97
9/16/2016 0:00,11.62,11.17,10.72,15.45,4.62
9/17/2016 0:00,12.32,14.085,15.85,18.15,16.83
9/19/2016 0:00,12.18,12.785,13.39,12.24,7.78
9/2/2016 0:00,20.89,23.95,27.01,17.09,12.37
9/20/2016 0:00,7.07,9.565,12.06,10.83,9.47
9/21/2016 0:00,6.31,10.37,14.43,14.73,7.54
9/22/2016 0:00,8.56,12.93,17.3,11.04,8.16
9/23/2016 0:00,10.48,13.715,16.95,14.81,7.83
9/24/2016 0:00,8.2,8.225,8.25,20.09,6.92
9/25/2016 0:00,12.53,17.645,22.76,16.18,10.44
9/26/2016 0:00,7.9,10.985,14.07,14.41,9.78
9/27/2016 0:00,8.58,14.64,20.7,17.62,5.86
9/28/2016 0:00,10.12,8.31,6.5,21.13,2.8
9/29/2016 0:00,9.96,9.975,9.99,13.75,4.45
9/3/2016 0:00,16.92,14.35,11.78,22.61,9.8
9/30/2016 0:00,7.6,13.095,18.59,18.83,5.11
9/4/2016 0:00,27.22,26.79361632,26.8,25.52,16.69
9/5/2016 0:00,18.05,18.31,18.57,18.11,12.04
9/6/2016 0:00,26.47,20.53,14.59,19.31,9.9
9/7/2016 0:00,18.75,15.785,12.82,17.48,8.23
9/8/2016 0:00,17.84,18.605,19.37,17.2,8.56
9/9/2016 0:00,14.92,15.42,15.92,15.28,9.86
